Familie,Familie_deutsch,Gattung,Artname,Genus,Species,Wissenschaftlicher Name,BE,Bestand,Vor_1990,1990_2017,Trend_kurz,Habitat,D,BB,GS,Deutscher_name
Hepialidae,Würzelbohrer,"Pharmacis HÜBNER, 1820","fusconebulosa (DEGEER, 1778)",Pharmacis,fusconebulosa,Pharmacis fusconebulosa,0,ex,x 1973,–,,LKW,V,⬤,,Adlerfarn-Wurzelbohrer
Limacodidae,Schneckenspinner,"Heterogenea KNOCH, 1783","asella (DEN. & SCHIFF., 1775)",Heterogenea,asella,Heterogenea asella,0,ex,x 1978,–,,LMW,V,⬤,,Kleiner Schneckenspinner
Zygaenidae,Widderchen,"Zygaena FABRICIUS, 1775","purpuralis (BRUENNICH, 1763)",Zygaena,purpuralis,Zygaena purpuralis,0,ex,x,–,,TR,V,⬤,§,Thymian-Widderchen
Lasiocampidae,Glucken,"Malacosoma HÜBNER, 1820","castrensis (LINNAEUS, 1758)",Malacosoma,castrensis,Malacosoma castrensis,0,ex,x 1982,–,,TR,3,⬤,§,Wolfsmilch-Ringelspinner
Lasiocampidae,Glucken,"Eriogaster GERMAR, 1810 ","lanestris (LINNAEUS, 1758)",Eriogaster,lanestris,Eriogaster lanestris,0,ex,x vor 1900,–,,WRS,3,⬤,§,Wollafter
Lasiocampidae,Glucken,Lasiocampa SCHRANK 1802,"quercus (LINNAEUS, 1758)",Lasiocampa,quercus,Lasiocampa quercus,0,ex,x 1973,–,,LKW,*,⬤,,Eichenspinner
Lasiocampidae,Glucken,"Trichiura STEPHENS, 1828 ","crataegi (LINNAEUS, 1758)",Trichiura,crataegi,Trichiura crataegi,0,ex,x 1975,–,,HE,*,⬤,,Weißdornspinner
Lasiocampidae,Glucken,"Gastropacha OCHSENHEIMER, 1810 ","populifolia (DEN. & SCHIFF., 1775)",Gastropacha,populifolia,Gastropacha populifolia,0,ex,x 1959,–,,WHA,1,⬤,§§,Pappelglucke
Lasiocampidae,Glucken,"Phyllodesma HÜBNER, 1820","tremulifolia (HÜBNER, 1810)",Phyllodesma,tremulifolia,Phyllodesma tremulifolia,0,ex,x 1967,–,,LMW,3,⬤,§,Eichenglucke
Lasiocampidae,Glucken,"Odonestis GERMAR, 1812","pruni (LINNAEUS, 1758)",Odonestis,pruni,Odonestis pruni,0,ex,x 1975,–,,"BW, LMW, VG, HE",2,⬤,,Pflaumenglucke
Brahmaeidae,Wiesenspinner,"Lemonia HÜBNER, 1820","dumi (LINNAEUS, 1761)",Lemonia,dumi,Lemonia dumi,0,ex,x 1962,–,,TR,2,⬤,§,Habichtskraut-Wiesenspinner
Saturniidae,Augenspinner,"Aglia OCHSENHEIMER, 1810","tau (LINNAEUS, 1758)",Aglia,tau,Aglia tau,0,ex,x 1970,–,,BuW,*,⬤,,Nagelfleck
Saturniidae,Augenspinner,"Saturnia SCHRANK, 1802 ","pavonia (LINNAEUS, 1758)",Saturnia,pavonia,Saturnia pavonia,0,ex,x 1970,–,,CH,*,⬤,,Kleines Nachtpfauenauge
Sphingidae,Schwärmer,"Hemaris DALMAN, 1877","tityus (LINNAEUS, 1758)",Hemaris,tityus,Hemaris tityus,0,ex,x 1940,–,,TR,2,⬤,§,Skabiosenschwärmer
Hesperiidae,Dickkopffalter,"Pyrgus HÜBNER, 1819 ","carthami (HÜBNER, 1813)",Pyrgus,carthami,Pyrgus carthami,0,ex,x vor 1900,–,,TR,2,o,§,Steppenheiden-Würfel-Dickkopffalter
Hesperiidae,Dickkopffalter,"Pyrgus HÜBNER, 1819 ","alveus (HÜBNER, 1803)",Pyrgus,alveus,Pyrgus alveus,0,ex,x vor 1900,–,,TR,2,⬤,§,Sonnenröschen-Würfel-Dickkopffalter
Hesperiidae,Dickkopffalter,"Carterocephalus LEDERER, 1852 ","silvicola (MEIGEN, 1829)",Carterocephalus,silvicola,Carterocephalus silvicola,0,ex,x 1980,–,,BW,2,⬤,,Schwarzkolbiger Gold-Dickkopffalter
Lycaenidae,Bläulinge,"Lycaena FABRICIUS, 1807","helle (DEN. & SCHIFF., 1775)",Lycaena,helle,Lycaena helle,0,ex,x 1957,–,,MW,2,⬤,"§§, II, IV",Blauschillernder Feuerfalter
Lycaenidae,Bläulinge,"Lycaena FABRICIUS, 1808","hippothoe (LINNAEUS, 1761)",Lycaena,hippothoe,Lycaena hippothoe,0,ex,x 1981,–,,NM,3,⬤,§,Lilagold-Feuerfalter
Lycaenidae,Bläulinge,"Satyrium SCUDDER, 1876 ","spini (DEN. & SCHIFF., 1775)",Satyrium,spini,Satyrium spini,0,ex,x 1957,–,,HE?,3,⬤,,Kreuzdorn-Zipfelfalter
Lycaenidae,Bläulinge,"Polyommatus LATREILLE, 1804 ","coridon (PODA, 1761)",Polyommatus,coridon,Polyommatus coridon,0,ex,x 1920,–,,TR-b,*,⬤,§,Silbergrüner Bläuling
Lycaenidae,Bläulinge,"Aricia REICHENBACH, 1817 ","eumedon (ESPER, 1780)",Aricia,eumedon,Aricia eumedon,0,ex,x vor 1900,–,,"NM, MW",3,o,,Storchschnabel-Bläuling
Lycaenidae,Bläulinge,"Plebejus KLUK, 1780 ","argus (LINNAEUS, 1758)",Plebejus,argus,Plebejus argus,0,ex,x 1966,–,,CH,*,⬤,§,Argus-Bläuling
Lycaenidae,Bläulinge,"Plebejus KLUK, 1780 ","optilete (KNOCH, 1781)",Plebejus,optilete,Plebejus optilete,0,ex,x 1988,–,,ZM,2,⬤,§,Hochmoor-Bläuling
Lycaenidae,Bläulinge,"Maculinea EECKE, 1915 ","arion (LINNAEUS, 1758)",Maculinea,arion,Maculinea arion,0,ex,x 1930,–,,WRS,3,⬤,"§§, IV",Schwarzfleckiger Ameisen-Bläuling
Lycaenidae,Bläulinge,"Maculinea EECKE, 1915 ","teleius (BERGSTRÄSSER, 1779)",Maculinea,teleius,Maculinea teleius,0,ex,x 1961,–,,MW,2,⬤,"§§, II, IV",Heller Wiesenknopf-Ameisen-Bläuling
Lycaenidae,Bläulinge,"Maculinea EECKE, 1915 ","nausithous (BERGSTRÄSSER, 1779)",Maculinea,nausithous,Maculinea nausithous,0,ex,x vor 1900,–,,MW,V,⬤,"§§, II, IV",Dunkler Wiesenknopf-Ameisen-Bläuling
Lycaenidae,Bläulinge,"Maculinea EECKE, 1915 ","alcon (DEN. & SCHIFF., 1775)",Maculinea,alcon,Maculinea alcon,0,ex,x 1935,–,,MW,2,o,§,Lungenenzian-Ameisen-Bläuling
Lycaenidae,Bläulinge,"Pseudophilotes BEURET, 1958","vicrama (MOORE, 1865)",Pseudophilotes,vicrama,Pseudophilotes vicrama,0,ex,x 1949,–,,TR,1,o,§§,Östlicher Quendelbläuling
Lycaenidae,Bläulinge,"Cupido SCHRANK, 1801 ","minimus (FUESSLY, 1775)",Cupido,minimus,Cupido minimus,0,ex,x vor 1900 ?,–,,TR,*,⬤,,Zwerg-Bläuling
Nymphalidae,Edelfalter,"Boloria MOORE, 1900","euphrosyne (LINNAEUS, 1758)",Boloria,euphrosyne,Boloria euphrosyne,0,ex,x 1974,–,,"WRS, WS",2,o,§,Silberfleck-Perlmutterfalter
Nymphalidae,Edelfalter,"Boloria MOORE, 1900","aquilonaris (STICHEL, 1908)",Boloria,aquilonaris,Boloria aquilonaris,0,ex,x 1968,–,,ZM,2,⬤,§,Hochmoor-Perlmutterfalter
Nymphalidae,Edelfalter,"Argynnis FABRICIUS, 1807 ","aglaja (LINNAEUS, 1758)",Argynnis,aglaja,Argynnis aglaja,0,ex,x 1980,–,,WS,V,⬤,,Großer Perlmutterfalter
Nymphalidae,Edelfalter,"Argynnis FABRICIUS, 1807 ","niobe (LINNAEUS, 1758)",Argynnis,niobe,Argynnis niobe,0,ex,x,x 1995,Declining,"TR, WS",2,⬤,,Mittlerer Perlmutterfalter
Nymphalidae,Edelfalter,"Apatura FABRICIUS, 1807 ","iris (LINNAEUS, 1758)",Apatura,iris,Apatura iris,0,ex,x 1946,–,,WRS,V,⬤,§,Großer Schillerfalter
Nymphalidae,Edelfalter,"Limenitis FABRICIUS, 1807 ","populi (LINNAEUS, 1758)",Limenitis,populi,Limenitis populi,0,ex,x 1974,–,,"WRS, MW",*,⬤,§,Großer Eisvogel
Nymphalidae,Edelfalter,"Melitaea FABRICIUS, 1807 ","didyma (ESPER, 1778)",Melitaea,didyma,Melitaea didyma,0,ex,x 1971,–,,WS,2,⬤,,Roter Scheckenfalter
Nymphalidae,Edelfalter,"Melitaea FABRICIUS, 1807 ","diamina (LANG, 1789)",Melitaea,diamina,Melitaea diamina,0,ex,x 1968,–,,"NM, MW",3,⬤,,Baldrian-Scheckenfalter
Nymphalidae,Edelfalter,"Euphydryas SCUDDER, 1872 ","aurinia (ROTTEMBURG, 1775)",Euphydryas,aurinia,Euphydryas aurinia,0,ex,x 1961,–,,MW,2,⬤,§,Goldener-Scheckenfalter
Nymphalidae,Edelfalter,"Lasiommata WESTWOOD, 1841 ","maera (LINNAEUS, 1758)",Lasiommata,maera,Lasiommata maera,0,ex,x 1960,–,,"WRS, LKW",V,⬤,,Braunauge
Nymphalidae,Edelfalter,"Coenonympha HÜBNER, 1819","tullia (O. F. MUELLER, 1764)",Coenonympha,tullia,Coenonympha tullia,0,ex,x 1974,–,,"ZM, NM",2,⬤,§,Großes Wiesenvögelchen
Nymphalidae,Edelfalter,"Pyronia HÜBNER, 1819 ","tithonus (LINNAEUS, 1767)",Pyronia,tithonus,Pyronia tithonus,0,ex,x vor 1900,–,,WRS,*,⬤,,Rotbraunes-Ochsenauge
Nymphalidae,Edelfalter,"Erebia DALMAN, 1816","aethiops (ESPER, 1777)",Erebia,aethiops,Erebia aethiops,0,ex,x vor 1956,–,,WRS,3,o,,Graubindiger-Mohrenfalter
Nymphalidae,Edelfalter,"Erebia DALMAN, 1816","medusa (DEN. & SCHIFF., 1775)",Erebia,medusa,Erebia medusa,0,ex,x vor 1900,–,,?,V,o,,Rundaugen-Mohrenfalter
Nymphalidae,Edelfalter,"Hipparchia FABRICIUS, 1807","statilinus (HUFNAGEL, 1766)",Hipparchia,statilinus,Hipparchia statilinus,0,ex,x vor 1900,–,,SGF,1,⬤,§§,Eisenfarbener Samtfalter
Nymphalidae,Edelfalter,"Hipparchia FABRICIUS, 1807","alcyone (DEN. & SCHIFF.,1775)",Hipparchia,alcyone,Hipparchia alcyone,0,ex,x 1975,–,,WRS,*,⬤,§§,Kleiner Waldportier
Geometridae,Spanner,"Idaea TREITSCHKE, 1825","pallidata (DEN. & SCHIFF., 1775)",Idaea,pallidata,Idaea pallidata,0,ex,x vor 1900,–,,MW,1,o,,Blasser Zwergspanner
Geometridae,Spanner,"Scopula SCHRANK, 1802 ","corrivalaria (KRETSCHMAR, 1862)",Scopula,corrivalaria,Scopula corrivalaria,0,ex,x 1963,–,,NM,1,⬤,,Feuchtwiesen-Kleinspanner
Geometridae,Spanner,"Scopula SCHRANK, 1802 ","virgulata (DEN. & SCHIFF., 1775)",Scopula,virgulata,Scopula virgulata,0,ex,x 1970,–,,"TR, WRS",1,⬤,,Braungestreifter Kleinspanner
Geometridae,Spanner,"Scopula SCHRANK, 1802 ","ornata (SCOPOLI, 1763)",Scopula,ornata,Scopula ornata,0,ex,x 1969,–,,TR,V,⬤,,Schmuck-Kleinspanner
Geometridae,Spanner,"Scopula SCHRANK, 1802","decorata (DEN. & SCHIFF., 1775)",Scopula,decorata,Scopula decorata,0,ex,x 1900,–,,TR,3,⬤,§§,Sandthymian-Kleinspanner
Geometridae,Spanner,"Rhodostrophia HÜBNER, 1823","vibicaria (CLERCK, 1759)",Rhodostrophia,vibicaria,Rhodostrophia vibicaria,0,ex,x 1986,–,,CH,V,⬤,,Rotbandspanner
Geometridae,Spanner,"Phibalapteryx STEPHENS, 1829","virgata (HUFNAGEL, 1767)",Phibalapteryx,virgata,Phibalapteryx virgata,0,ex,x 1949,–,,TR,2,⬤,,Streifenspanner
Geometridae,Spanner,"Scotopteryx HÜBNER, 1825","moeniata (SCOPOLI, 1763)",Scotopteryx,moeniata,Scotopteryx moeniata,0,ex,x 1969,,,BGH,2,⬤,,Winkelbinden-Wellenstriemenspanner
Geometridae,Spanner,"Xanthorhoe HÜBNER, 1825","biriviata (BORKHAUSEN, 1794)",Xanthorhoe,biriviata,Xanthorhoe biriviata,0,ex,x 1975,–,,BW,*,⬤,,Springkraut-Blattspanner
Geometridae,Spanner,"Spargania GUENÉE, 1857","luctuata (DEN. & SCHIFF., 1775)",Spargania,luctuata,Spargania luctuata,0,ex,x 1969,–,,?,V,o,,Schwarzweißer Weiden-röschenspanner
Geometridae,Spanner,"Asthena HÜBNER, 1825","anseraria (HERR. -SCHÄFF., 1855)",Asthena,anseraria,Asthena anseraria,0,ex,x 1977,–,,"HE, WRS, BW",V,⬤,,Gepunkteter Zierspanner
Geometridae,Spanner,"Rheumaptera HÜBNER, 1822","hastata (LINNAEUS, 1758)",Rheumaptera,hastata,Rheumaptera hastata,0,ex,x vor 1900,–,,KWB,3,⬤,,Großer Speerspanner
Geometridae,Spanner,"Triphosa STEPHENS, 1829","dubitata (LINNAEUS, 1758)",Triphosa,dubitata,Triphosa dubitata,0,ex,x 1981,–,,HE,V,⬤,,Olivbrauner Höhlenspanner
Geometridae,Spanner,"Horisme HÜBNER, 1825","aquata (HÜBNER, 1813)",Horisme,aquata,Horisme aquata,0,ex,x vor 1900,–,,TR,*,o,,Küchenschellen-Waldrebenspanner
Geometridae,Spanner,"Perizoma HÜBNER, 1825","blandiata (DEN. & SCHIFF., 1775)",Perizoma,blandiata,Perizoma blandiata,0,ex,x 1961,–,,MW,2,o,,Augentrost-Kapselspanner
Geometridae,Spanner,"Perizoma HÜBNER, 1825","albulata (DEN. & SCHIFF., 1775)",Perizoma,albulata,Perizoma albulata,0,ex,x,x 1992,declining,MW,V,⬤,,Klappertopf-Kapselspanner
Geometridae,Spanner,"Pasiphila MEYRICK, 1883","debiliata (HÜBNER, 1817)",Pasiphila,debiliata,Pasiphila debiliata,0,ex,x 1962,–,,KWB,*,⬤,,Heidelbeer-Blütenspanner
Geometridae,Spanner,"Eupithecia CURTIS, 1825","analoga (JAKONOV, 1926",Eupithecia,analoga,Eupithecia analoga,0,ex,x 1974,–,,NW(F),*,o,,Fichtengallen-Blütenspanner
Geometridae,Spanner,"Eupithecia CURTIS, 1825","pygmaeata (HÜBNER, 1799)",Eupithecia,pygmaeata,Eupithecia pygmaeata,0,ex,x 1986,–,,"MW, NM",V,⬤,,Zwerg-Blütenspanner
Geometridae,Spanner,"Eupithecia CURTIS, 1825","pimpinellata (HÜBNER, 1813)",Eupithecia,pimpinellata,Eupithecia pimpinellata,0,ex,x 1986,–,,"MW, HSF",V,⬤,,Bibernellen-Blütenspanner
Geometridae,Spanner,"Eupithecia CURTIS, 1825","trisignaria (ERR. -SCHÄFF., 1848",Eupithecia,trisignaria,Eupithecia trisignaria,0,ex,x 1960,–,,"WRS, BW",*,⬤,,Bergwald-Doldengewächs-Blütenspanner
Geometridae,Spanner,"Eupithecia CURTIS, 1825","goossensiata (ABILLE, 1869",Eupithecia,goossensiata,Eupithecia goossensiata,0,ex,x 1920,–,,CH,G,⬤,,Goossens Heidekraut-Blütenspanner
Geometridae,Spanner,"Aplocera STEPHENS, 1827","efformata ( GUENÉE, 1857)",Aplocera,efformata,Aplocera efformata,0,ex,x 1974,–,,"TR, WRS",*,⬤,,Sandheiden-Johanniskrautspanner
Geometridae,Spanner,"Chesias TREITSCHKE, 1825","rufata (FABRICIUS, 1775)",Chesias,rufata,Chesias rufata,0,ex,x 1988,–,,BGH,3,⬤,,Früher Ginsterspanner
Geometridae,Spanner,"Macaria CURTIS, 1826","signaria (HÜBNER, 1809)",Macaria,signaria,Macaria signaria,0,ex,x 1985,–,,NW(F),*,⬤,,Braungrauer Eckflügelspanner
Geometridae,Spanner,"Isturgia HÜBNER, 1823","famula (ESPER, 1787)",Isturgia,famula,Isturgia famula,0,ex,x vor 1900,–,,BGH,1,⬤,,Gebänderter Besenginsterspanner
Geometridae,Spanner,"Pachycnemia STEPHENS, 1829","hippocastanaria (HÜBNER, 1799)",Pachycnemia,hippocastanaria,Pachycnemia hippocastanaria,0,ex,"x, E vor 1900",–,,CH,V,⬤,,Schmalflügeliger Heidekrautspanner
Geometridae,Spanner,"Epione DUPONCHEL, 1829","vespertaria (LINNAEUS, 1767)",Epione,vespertaria,Epione vespertaria,0,ex,x vor 1900,–,,?WRS,1,⬤,,Espen-Saumbandspanner
Geometridae,Spanner,"Pseudopanthera HÜBNER, 1823","macularia (LINNAEUS, 1758)",Pseudopanthera,macularia,Pseudopanthera macularia,0,ex,x vor 1955,–,,WRS,*,⬤,,Pantherspanner
Geometridae,Spanner,"Ennomos TREITSCHKE, 1825","quercinaria (HUFNAGEL, 1767)",Ennomos,quercinaria,Ennomos quercinaria,0,ex,x 1986,–,,BuW,*,⬤,,Eichen-Zackenrandspanner
Geometridae,Spanner,"Arichanna MOORE, 1868","melanaria (LINNAEUS, 1758)",Arichanna,melanaria,Arichanna melanaria,0,ex,x 1961,–,,ZM,2,⬤,§,Gefleckter Rauschbeerenspanner
Geometridae,Spanner,"Fagivorina WEHRLI, 1943","arenaria (HUFNAGEL, 1767)",Fagivorina,arenaria,Fagivorina arenaria,0,ex,x 1940,–,,"BuW, EW",1,o,§§,Scheckiger Rindenspanner
Geometridae,Spanner,"Paradarisa WARREN, 1894","consonaria (HÜBNER, 1799)",Paradarisa,consonaria,Paradarisa consonaria,0,ex,x vor 1955,–,,BuW,*,⬤,,Glattbindiger Rindenspanner
Geometridae,Spanner,"Tephronia HÜBNER, 1825","sepiaria (HUFNAGEL, 1767)",Tephronia,sepiaria,Tephronia sepiaria,0,ex,x 1920,–,,VG (Flechten),R,o,§§,Totholz-Flechtenspanner
Geometridae,Spanner,"Charissa CURTIS, 1826","ambiguata (DUPONCHEL, 1830)",Charissa,ambiguata,Charissa ambiguata,0,ex,x vor 1950,–,,LKW,3,⬤,,Ungebänderter Steinspanner
Geometridae,Spanner,"Cleorodes WARREN, 1894","lichenaria (HUFNAGEL, 1767)",Cleorodes,lichenaria,Cleorodes lichenaria,0,ex,x 1940,–,"""=""","LMW, VG (Flechten)",1,o,§§,Grüner Flechten-Rindenspanner
Geometridae,Spanner,"Perconia HÜBNER, 1823","strigillaria (HÜBNER, 1787)",Perconia,strigillaria,Perconia strigillaria,0,ex,x 1940,–,,"CH, BGH",3,⬤,,Heide-Streifenspanner
Geometridae,Spanner,"Chlorissa STEPHENS, 1831","viridata (LINNAEUS, 1758)",Chlorissa,viridata,Chlorissa viridata,0,ex,x 1940,–,,"CH, ZM,",3,⬤,,Steppenheiden-Grünspanner
Notodontidae,Zahnspinner,"Notodonta OCHSENHEIMER, 1810","torva (HÜBNER, 1803)",Notodonta,torva,Notodonta torva,0,ex,x vor 1900 oder 1940,–,,BW?,V,⬤,,Gelbbrauner Zahnspinner
Notodontidae,Zahnspinner,"Drymonia HÜBNER, 1819","obliterata (ESPER, 1785)",Drymonia,obliterata,Drymonia obliterata,0,ex,x 1939,–,,"BuW, WRS",*,⬤,,Schwarzeck-Zahnspinner
Nolidae,,"Nola LEACH, 1815","aerugula (HÜBNER, 1793)",Nola,aerugula,Nola aerugula,0,ex,x,–,,"CH, ZM, BW",V,⬤,§,Laubholz-Graueulchen
Nolidae,,"Nycteola HÜBNER, 1822","asiatica (KRULIKOVSKY, 1904)",Nycteola,asiatica,Nycteola asiatica,D,ex,x 1951,–,,?,D,⬤,,Weiden-Wicklereulchen
Erebidae,,"Laelia STEPHENS, 1828","coenosa (HÜBNER, 1808)",Laelia,coenosa,Laelia coenosa,0,ex,x vor 1900,–,,"ROE, ZM",2,⬤,,Gelbbein
Erebidae,,"Gynaephora HÜBNER, 1819","fascelina (LINNAEUS, 1758)",Gynaephora,fascelina,Gynaephora fascelina,0,ex,x 1975,–,,"BGH, CH",2,⬤,,Ginster-Streckfuß
Erebidae,,"Orgyia OCHSENHEIMER, 1810","recens (HÜBNER, 1819)",Orgyia,recens,Orgyia recens,0,ex,x 1962,–,,"?(LMW, BW)",1,o,§,Eckfleck-Bürstenspinner
Erebidae,,"Epatolmis BUTLER, 1877","luctifera (DEN. & SCHIFF., 1775)",Epatolmis,luctifera,Epatolmis luctifera,0,ex,x 1966,–,,TR,2,⬤,,Kaiserbär
Erebidae,,"Arctia SCHRANK, 1802","festiva (HUFNAGEL, 1766)",Arctia,festiva,Arctia festiva,0,ex,x 1936,–,,TR,0,o,§,Englischer Bär
Erebidae,,"Arctia SCHRANK, 1802","villica (LINNAEUS, 1758)",Arctia,villica,Arctia villica,0,ex,x 1960,–,,HE,2,⬤,§§,Schwarzer  Bär
Erebidae,,"Hyphoraia HÜBNER, 1820","aulica (LINNAEUS, 1758)",Hyphoraia,aulica,Hyphoraia aulica,0,ex,x vor 1858,–,,"TR, CH",1,⬤,§§,Hofdame
Erebidae,,"Eilema HÜBNER, 1819","lurideola (ZINCKEN, 1817)",Eilema,lurideola,Eilema lurideola,0,ex,x 1979,–,,"BuW, KWB",*,⬤,,Grauleib-Flechtenbärchen
Erebidae,,"Eilema HÜBNER, 1819","palliatella (SCOPOLI, 1763)",Eilema,palliatella,Eilema palliatella,0,ex,x vor 1900,–,,TR (Flechten),1,o,,Ockergelbes Flechtenbärchen
Erebidae,,"Setina SCHRANK, 1802","irrorella (LINNAEUS, 1758)",Setina,irrorella,Setina irrorella,0,ex,x vor 1950?,–,,TR (Flechten),V,⬤,§,Trockenrasen-Flechtenbärchen
Erebidae,,"Dysauxes HÜBNER, 1819","ancilla (LINNAEUS, 1767)",Dysauxes,ancilla,Dysauxes ancilla,0,ex,x 1952,–,,"WRS, EW, WS",3,⬤,,Grosses Braunwidderchen
Erebidae,,"Idia HÜBNER, 1813","calvaria (DEN. & SCHIFF., 1775)",Idia,calvaria,Idia calvaria,0,ex,x 1975,–,,BW,1,⬤,,Dunkelbraune Spannereule
Erebidae,,"Simplicia GUENÉE, 1854","rectalis (EVERSMANN, 1842)",Simplicia,rectalis,Simplicia rectalis,0,ex,x vor 1900,–,,EW,1,⬤,,Schmalflügelige Spannereule
Erebidae,,"Zanclognatha LEDERER, 1857","lunalis (SCOPOLI, 1763)",Zanclognatha,lunalis,Zanclognatha lunalis,0,ex,x 1958,–,,?,2,o,,Felsbuschwald-Spannereule
Erebidae,,"Lygephila BILLBERG, 1820","viciae (HÜBNER, 1822)",Lygephila,viciae,Lygephila viciae,0,ex,x vor 1900,–,,WRS,3,⬤,,Marmorierte Wickeneule
Erebidae,,"Phytometra HAWORTH, 1809","viridaria (CLERCK, 1759)",Phytometra,viridaria,Phytometra viridaria,0,ex,x vor 1955,–,,"TR, MW",3,⬤,,Kreuzblumen-Bunteulchen
Erebidae,,"Catephia OCHSENHEIMER, 1816","alchymista (DEN. & SCHIFF., 1775)",Catephia,alchymista,Catephia alchymista,0,ex,x 1989,–,,WRS (Eiche),2,⬤,,Weißes Ordensband
Noctuidae,,"amprotes REICHENBACH, 1817","c-aureum (KNOCH, 1781)",amprotes,c-aureum,amprotes c-aureum,0,ex,x 1940,–,,BW,2,⬤,,Wiesenrauten-Goldeule
Noctuidae,,"Syngrapha HÜBNER, 1821","interrogationis (LINNAEUS, 1758)",Syngrapha,interrogationis,Syngrapha interrogationis,♦,ex,x 1920,–,,"KWB, ZM",R,o,,Heidelbeeren-Silbereule
Noctuidae,,"Acontia OCHSENHEIMER, 1816","lucida (HUFNAGEL, 1766)",Acontia,lucida,Acontia lucida,0,ex,x vor 1900,–,,"TR, RF",1,o,§§,Malveneule
Noctuidae,," 
Acronicta OCHSENHEIMER, 1816","strigosa (DEN. & SCHIFF., 1775)",,strigosa, strigosa,0,ex,x 1940,–,,"BW, HE",3,⬤,,Striemen-Rindeneule
Noctuidae,," 
Acronicta OCHSENHEIMER, 1816","menyanthidis (ESPER, 1789)",,menyanthidis, menyanthidis,0,ex,x 1940,–,,ZM,2,⬤,,Heidemoor-Rindeneule
Noctuidae,,"Panemeria HÜBNER, 1823","tenebrata (SCOPOLI, 1763)",Panemeria,tenebrata,Panemeria tenebrata,0,ex,x 1975,–,,"TR, MW",*,⬤,,Hornkraut-Tageulchen
Noctuidae,,"Cucullia SCHRANK, 1802","lactucae (DEN. & SCHIFF., 1775)",Cucullia,lactucae,Cucullia lactucae,0,ex,x vor 1900,–,,?,V,o,§,Lattich-Mönch
Noctuidae,,"Cucullia SCHRANK, 1802","asteris (DEN. & SCHIFF., 1775)",Cucullia,asteris,Cucullia asteris,0,ex,x vor 1900,–,,"? (VG, TR)",3,⬤,§,Astern-Mönch
Noctuidae,,"Amphipyra OCHSENHEIMER, 1816","livida (DEN. & SCHIFF., 1775)",Amphipyra,livida,Amphipyra livida,0,ex,x vor 1900,–,,?,1,o,§§,Tiefschwarze Glanzeule
Noctuidae,,"Periphanes HÜBNER, 1821","delphinii (LINNAEUS, 1758)",Periphanes,delphinii,Periphanes delphinii,0,ex,x vor 1900,–,,"RF, AF",0,o,§§,Rittersporn-Sonneneule
Noctuidae,,"Acosmetia STEPHENS, 1829","caliginosa (HÜBNER, 1813)",Acosmetia,caliginosa,Acosmetia caliginosa,0,ex,x vor 1942,–,,MW,1,⬤,§§,Färberscharteneule
Noctuidae,,"Bryophila TREITSCHKE, 1825","domestica (HUFNAGEL, 1766)",Bryophila,domestica,Bryophila domestica,0,ex,x vor 1940,–,,VG (Stein-Flechten),V,⬤,,Weißliche Flechteneule
Noctuidae,,"Athetis HÜBNER, 1821","pallustris (HÜBNER, 1808)",Athetis,pallustris,Athetis pallustris,0,ex,x 1969,–,,MW,2,⬤,,Wiesen-Staubeule
Noctuidae,,"Mormo OCHSENHEIMER, 1816","maura (LINNAEUS, 1758)",Mormo,maura,Mormo maura,0,ex,x vor 1900,–,,WHA,V,⬤,,Schwarzes Ordensband
Noctuidae,,"Celaena STEPHENS, 1829","haworthii (CURTIS, 1829)",Celaena,haworthii,Celaena haworthii,0,ex,x 1950,–,,ZM,2,⬤,,Haworths Mooreule
Noctuidae,,"Eremobia STEPHENS, 1829","ochroleuca (DEN. & SCHIFF., 1775)",Eremobia,ochroleuca,Eremobia ochroleuca,0,ex,x vor 1942,–,,TR,2,⬤,,Ockerfarbene Queckeneule
Noctuidae,,"Amphipoea BILLBERG, 1820","lucens (FREYER, 1845)",Amphipoea,lucens,Amphipoea lucens,0,ex,x vor 1955,–,,ZM,3,⬤,,Moor-Stängeleule
Noctuidae,,"Globia FIBIGER, ZILLI, L. RONKAY & GOLDSTEIN, 2010","algae (ESPER, 1789)",Globia,algae,Globia algae,0,ex,x 1954,–,,ROE,2,⬤,,Teichröhricht-Schilfeule
Noctuidae,,"Pabulatrix SUGI, 1982","pabulatricula (BRAHM, 1791)",Pabulatrix,pabulatricula,Pabulatrix pabulatricula,0,ex,x vor 1900,–,,EW,1,o,,Helle Pfeifengras-Grasbüscheleule
Noctuidae,,"Hyppa DUPONCHEL, 1845","rectilinea (ESPER, 1788)",Hyppa,rectilinea,Hyppa rectilinea,0,ex,x 1974,–,,KWB,3,⬤,,Heidelbeer-Stricheule
Noctuidae,,"Agrochola HÜBNER, 1821","ruticilla (ESPER, 1791)",Agrochola,ruticilla,Agrochola ruticilla,0,ex,x 1954,–,,EW (WRS),1,⬤,§§,Graubraune Eichenbuscheule
Noctuidae,,"Lithophane HÜBNER, 1821","semibrunnea (HAWORTH, 1809)",Lithophane,semibrunnea,Lithophane semibrunnea,0,ex,x 1953,–,,?BW,3,⬤,,Schmalflügelige Holzeule
Noctuidae,,"Lithophane HÜBNER, 1821","lamda (FABRICIUS, 1787)",Lithophane,lamda,Lithophane lamda,0,ex,x vor 1900,–,,ZM,1,⬤,§§,Gagelstrauch-Moor-Holzeule
Noctuidae,,"Xylena OCHSENHEIMER, 1816","solidaginis (HÜBNER, 1803)",Xylena,solidaginis,Xylena solidaginis,0,ex,x 1965,–,,"KWB, ZM",*,⬤,,Rollflügel-Holzeule
Noctuidae,,"Cosmia OCHSENHEIMER, 1816","diffinis (LINNAEUS, 1767)",Cosmia,diffinis,Cosmia diffinis,0,ex,x 1969,–,,Auwälder,2,⬤,,Weißflecken-Ulmeneule
Noctuidae,,"Dicycla GUENEE, 1852","oo (LINNAEUS, 1758)",Dicycla,oo,Dicycla oo,0,ex,x vor 1900,–,,EW,3,⬤,,Eichen-Nulleneule
Noctuidae,,"Aporophyla GUENEE, 1841","nigra (HAWORTH, 1809)",Aporophyla,nigra,Aporophyla nigra,0,ex,x vor 1900,–,,"CH, BGH",2,⬤,§§,Schwarze Glattrückeneule
Noctuidae,,"Polymixis HÜBNER, 1820","polymita (LINNAEUS, 1761)",Polymixis,polymita,Polymixis polymita,0,ex,x vor 1900,–,,?,1,o,,Olivbraune Steineule
Noctuidae,,"Polymixis HÜBNER, 1820","flavicincta (DEN. & SCHIFF., 1775)",Polymixis,flavicincta,Polymixis flavicincta,♦,ex,x vor 1982 (?E),–,,VG?,1,⬤,,Gelbliche Steineule
Noctuidae,,"Mniotype FRANCLEMONT, 1941","adusta (ESPER, 1790)",Mniotype,adusta,Mniotype adusta,0,ex,x 1950,–,,"CH, WS, LKW",3,⬤,,Rotbraune Waldrandeule
Noctuidae,,"Orthosia OCHSENHEIMER, 1816","opima (HÜBNER, 1809)",Orthosia,opima,Orthosia opima,0,ex,x 1980,–,,KWB,3,⬤,,Opima-Kätzcheneule
Noctuidae,,"Coranarta HACKER, 1998","cordigera (THUNBERG, 1788)",Coranarta,cordigera,Coranarta cordigera,0,ex,x 1956,–,,ZM,1,⬤,,Moor-Bunteule
Noctuidae,,"Lacanobia BILLBERG, 1820","aliena (HÜBNER, 1808)",Lacanobia,aliena,Lacanobia aliena,0,ex,x vor 1900,–,,CH,3,⬤,,Trockenrasen-Kräutereule
Noctuidae,,"Papestra SUKHAREVA, 1973","biren (GOEZE, 1781)",Papestra,biren,Papestra biren,0,ex,x 1959,–,,KWB,V,⬤,,Moorwald-Blättereule
Noctuidae,,"Hadena SCHRANK, 1802","confusa (HUFNAGEL, 1766)",Hadena,confusa,Hadena confusa,0,ex,x 1940,–,,TR,3,⬤,,Marmorierte Nelkeneule
Noctuidae,,"Hadena SCHRANK, 1802","irregularis (HUFNAGEL, 1766)",Hadena,irregularis,Hadena irregularis,0,ex,x vor 1900,–,,TR,1,⬤,,Gipskraut-Nelkeneule
Noctuidae,,"Actebia STEPHENS, 1829","praecox (LINNAEUS, 1758)",Actebia,praecox,Actebia praecox,0,ex,x 1978,–,,TR,1,⬤,,Grünliche Erdeule
Noctuidae,,"Euxoa HÜBNER, 1821","cursoria (HUFNAGEL, 1766)",Euxoa,cursoria,Euxoa cursoria,0,ex,x vor 1900,–,,"TR, SGF",2,⬤,,Veränderliche Dünen-Erdeule
Noctuidae,,"Euxoa HÜBNER, 1821","aquilina (DEN. & SCHIFF., 1775)",Euxoa,aquilina,Euxoa aquilina,0,ex,x 1977,–,,"TR, AF",*,⬤,,Getreideeule
Noctuidae,,"Agrotis OCHSENHEIMER, 1816","cinerea (DEN. & SCHIFF., 1775)",Agrotis,cinerea,Agrotis cinerea,0,ex,x 1974,–,,"WS, CH",3,⬤,,Aschgraue Erdeule
Noctuidae,,"Diarsia HÜBNER, 1821","dahlii (HÜBNER, 1813)",Diarsia,dahlii,Diarsia dahlii,0,ex,x vor 1900,–,,"ZM, MW",1,o,,Moorwiesen-Erdeule
Noctuidae,,"Violaphotia BECK, 1991","molothina (ESPER, 1789)",Violaphotia,molothina,Violaphotia molothina,0,ex,x vor 1900,–,,CH,3,⬤,,Graue Heidekrauteule
Noctuidae,,"Opigena BOISDUVAL, 1840","polygona (DEN. & SCHIFF., 1775)",Opigena,polygona,Opigena polygona,0,ex,x,x 1991,declining,WRS?,*,⬤,,Vielwinkel-Bodeneule
Noctuidae,,"Xestia HÜBNER, 1818","stigmatica (HÜBNER, 1813)",Xestia,stigmatica,Xestia stigmatica,0,ex,x vor 1900,–,,BuW,*,⬤,,Rhombus-Bodeneule
Noctuidae,,"Xestia HÜBNER, 1818","castanea (ESPER, 1798)",Xestia,castanea,Xestia castanea,0,ex,x vor 1900,–,,CH,3,⬤,,Ginsterheiden-Bodeneule
Noctuidae,,"Xestia HÜBNER, 1818","ashworthii (DOUBLEDAY, 1855)",Xestia,ashworthii,Xestia ashworthii,0,ex,x vor 1900,–,,"WRS, WS",2,⬤,,Aschgraue Bodeneule
Noctuidae,,"Eugraphe HÜBNER, 1821","sigma (DEN. & SCHIFF., 1775)",Eugraphe,sigma,Eugraphe sigma,0,ex,x vor 1900,–,,KWB,2,⬤,,Sigma-Bodeneule
Noctuidae,,"Protolampra MCDUNNOUGH, 1929","sobrina (DUPONCHEL, 1843)",Protolampra,sobrina,Protolampra sobrina,0,ex,x vor 1900,–,,"CH, KWB",2,⬤,,Heidemoor-Bodeneule